{
    "XLY": {
        "weight": 0.659398373273454,
        "shares": 637.16195,
        "impliedVol": 0.1646,
        "historicalData": [
            101.40973663330078,
            103.29911041259766,
            103.78636932373047,
            103.45821380615234,
            102.40414428710938,
            102.62290954589844,
            101.00202941894531,
            101.419677734375,
            103.0604476928711,
            103.52782440185547,
            103.1201171875,
            103.25933074951172,
            102.55330657958984,
            102.09587097167969,
            103.43832397460938,
            103.78636932373047,
            103.34883117675781,
            103.70682525634766,
            104.08468627929688,
            104.30345916748047,
            104.5023422241211,
            103.895751953125,
            104.76089477539062,
            104.412841796875,
            104.28357696533203
        ],
        "ninetyDayData": [
            95.46284484863281,
            96.56954193115234,
            96.01618194580078,
            95.3936767578125,
            95.64070892333984,
            96.0952377319336,
            96.30274963378906,
            96.34226989746094,
            96.42132568359375,
            96.71775817871094,
            97.13616943359375,
            98.00867462158203,
            97.8797836303711,
            97.69139862060547,
            98.3259506225586,
            98.1375732421875,
            98.3556900024414,
            98.15739440917969,
            98.42510223388672,
            97.85004425048828,
            99.3372802734375,
            99.79336547851562,
            100.12055206298828,
            100.91374206542969,
            101.03272247314453,
            101.23101806640625,
            101.16161346435547,
            102.80748748779297,
            104.13607788085938,
            103.39246368408203,
            103.88819885253906,
            103.7989730834961,
            104.70122528076172,
            105.86126708984375,
            106.75360870361328,
            107.20968627929688,
            107.02131652832031,
            108.07229614257812,
            107.77484130859375,
            107.23944091796875,
            106.89241790771484,
            105.70262908935547,
            104.69131469726562,
            101.16161346435547,
            103.74939727783203,
            103.43212127685547,
            99.30753326416016,
            99.9718246459961,
            101.33016204833984,
            101.85565948486328,
            103.48169708251953,
            104.4037857055664,
            103.89812469482422,
            103.58084869384766,
            103.43212127685547,
            103.5610122680664,
            105.00859069824219,
            105.89102172851562,
            103.65025329589844,
            103.18424987792969,
            102.07378387451172,
            102.17293548583984,
            103.39246368408203,
            104.10633850097656,
            103.40237426757812,
            103.72957611083984,
            105.33578491210938,
            105.68279266357422,
            104.9391860961914,
            104.81029510498047,
            104.70122528076172,
            104.59184265136719,
            103.28916931152344,
            103.90569305419922,
            103.8261489868164,
            101.61856079101562,
            99.61980438232422,
            102.56324768066406,
            100.55455017089844,
            99.3314208984375,
            100.72359466552734,
            97.87958526611328,
            99.12259674072266,
            100.9423599243164,
            102.29476165771484,
            100.11700439453125,
            99.87834930419922,
            101.0915298461914,
            100.78325653076172,
            101.22079467773438,
            100.65399169921875
        ],
        "percentDailyReturns": [
            0.01159296147390454,
            -0.005730170965769665,
            -0.006483336197847023,
            0.002589607340059974,
            0.004752461725875179,
            0.0021594400175619644,
            0.00041037523665887754,
            0.0008205721768539398,
            0.003074345773775411,
            0.004326105802718194,
            0.00898228943014634,
            -0.001315097788115116,
            -0.001924656990222151,
            0.0064954746365897265,
            -0.0019158460119467202,
            0.0022225611766009123,
            -0.002016106981271748,
            0.002727332223093182,
            -0.0058425947278361035,
            0.015199134904241962,
            0.0045912793648335,
            0.0032786406481410957,
            0.007922349468692413,
            0.0011790307769747876,
            0.001962686824701132,
            -0.0006856060857280966,
            0.016269748643515047,
            0.01292308980145207,
            -0.007140793199721829,
            0.004794693450498988,
            -0.0008588633745553187,
            0.008692303694949333,
            0.01107954377774778,
            0.008429349452356405,
            0.004272245043723366,
            -0.001757021753480692,
            0.00982028298988169,
            -0.0027523689659739725,
            -0.004967767840102666,
            -0.0032359643735867527,
            -0.011130712932198583,
            -0.00956754246136049,
            -0.03371532054131654,
            0.025580689402392442,
            -0.0030580997027570556,
            -0.03987724472608545,
            0.006689234542448075,
            0.013587202265775034,
            0.005185992264304717,
            0.015964135973199456,
            0.008910644578157267,
            -0.004843320645174898,
            -0.0030537221139311788,
            -0.0014358582582363333,
            0.0012461408469612856,
            0.01397802511266244,
            0.008403417514755818,
            -0.02116108047726739,
            -0.004495921651425316,
            -0.010761971955329241,
            0.0009713719582495894,
            0.011935922095643425,
            0.006904515004843903,
            -0.006761972839836594,
            0.0031643552247166973,
            0.015484578858716569,
            0.003294300714181686,
            -0.007036212316511858,
            -0.0012282446243940814,
            -0.0010406403694360744,
            -0.0010447120279749589,
            -0.01245482732516634,
            0.005968909874919381,
            -0.0007655409924586243,
            -0.021262352666871043,
            -0.019669206030205055,
            0.029546768502409337,
            -0.019584963963112823,
            -0.012163838139419458,
            0.01401544198701532,
            -0.028235781386259706,
            0.012699394579879897,
            0.01835871177138082,
            0.013397762192328688,
            -0.02128903990676001,
            -0.002383761797262407,
            0.012146581821223412,
            -0.0030494475244238206,
            0.004341377348122455,
            -0.0055996693201254555
        ]
    },
    "XLP": {
        "weight": 0.340601626726546,
        "shares": 637.16195,
        "impliedVol": 0.1271,
        "historicalData": [
            52.381568908691406,
            52.499813079833984,
            52.10566711425781,
            50.59807205200195,
            49.750667572021484,
            49.69154357910156,
            49.37622833251953,
            49.46491241455078,
            49.760520935058594,
            50.02656555175781,
            49.71125411987305,
            49.27769470214844,
            48.31204605102539,
            48.26277542114258,
            48.96237564086914,
            48.65692138671875,
            48.4598503112793,
            48.52882385253906,
            48.8145751953125,
            48.8145751953125,
            48.79487228393555,
            48.60765075683594,
            48.9525260925293,
            49.12003707885742,
            48.8145751953125
        ],